{"cameraMode":{"drawMode":0,"name":"Shaded","section":"Shading Mode"},"sceneLighting":false,"audioPlay":false,"sceneViewState":{"m_AlwaysRefresh":false,"showFog":true,"showSkybox":false,"showFlares":true,"showImageEffects":true,"showParticleSystems":true,"showVisualEffectGraphs":true,"m_FxEnabled":true},"in2DMode":false,"pivot":{"x":0.13318952918052674,"y":0.042531535029411319,"z":-0.24914392828941346},"rotation":{"x":-0.16632702946662904,"y":0.4835386276245117,"z":-0.0941527709364891,"w":-0.8542030453681946},"size":0.6339746713638306,"orthographic":false}